Departamento,Municipio,Latitud,Longitud,Geolocalizacion,Operadora,Contrato,Campo,Enero,Febrero,Marzo,Abril,Mayo,Junio,Julio,Agosto,Septiembre,Octubre,Noviembre,Diciembre
ANTIOQUIA,PUERTO NARE,6.126539139,-74.70317722,POINT (-74.70317722 6.126539139),ECOPETROL S.A.,AREA TECA-COCORNA,TECA-COCORNA,0.1463,0.1599,0.1895,0.1838,0.1768,0.1703,0.1467,0.1479,,,,
ANTIOQUIA,PUERTO NARE,6.126539139,-74.70317722,POINT (-74.70317722 6.126539139),MANSAROVAR ENERGY COLOMBIA LTD,NARE SUR,NARE,0.0212,0.0304,0.0447,0.0452,0.048,0.0341,0.0319,0.0373,,,,
ANTIOQUIA,PUERTO NARE,6.126539139,-74.70317722,POINT (-74.70317722 6.126539139),MANSAROVAR ENERGY COLOMBIA LTD,UNDERRIVER,NARE,0.1238,0.1518,0.1602,0.1603,0.122,0.0789,0.12,0.1256,,,,
ANTIOQUIA,PUERTO TRIUNFO,5.954830151,-74.6861918,POINT (-74.6861918 5.954830151),ECOPETROL S.A.,AREA TECA-COCORNA,TECA-COCORNA,0.0541,0.0591,0.0701,0.068,0.0654,0.063,0.0542,0.0547,,,,
ANTIOQUIA,YONDO,6.925159318,-74.15824041,POINT (-74.15824041 6.925159318),ECOPETROL S.A.,CASABE,MAGDALENA MEDIO-CASABE,0.4408,0.4857,0.7171,0.6662,0.628,0.6106,0.5573,0.6077,,,,
ANTIOQUIA,YONDO,6.925159318,-74.15824041,POINT (-74.15824041 6.925159318),ECOPETROL S.A.,CASABE SUR,MAGDALENA MEDIO-CASABE,0.6601,0.7656,0.7339,0.7147,0.7081,0.6573,0.686,0.7668,,,,
ANTIOQUIA,YONDO,6.925159318,-74.15824041,POINT (-74.15824041 6.925159318),ECOPETROL S.A.,PEÑAS BLANCAS,MAGDALENA MEDIO-CASABE,0.0922,0.1346,0.0724,0.0955,0.0773,0.1173,0.0995,0.0708,,,,
ARAUCA,ARAUCA,6.796280825,-70.50921153,POINT (-70.50921153 6.796280825),SIERRACOL ENERGY ARAUCA LLC,CAÑO LIMÓN,CRAVO NORTE,1.2042,1.2025,1.2119,1.2242,1.2059,1.2618,0.9716,1.1951,,,,
ARAUCA,ARAUCA,6.796280825,-70.50921153,POINT (-70.50921153 6.796280825),SIERRACOL ENERGY ARAUCA LLC,CAÑO YARUMAL,CRAVO NORTE,0.1372,0.1291,0.1273,0.1326,0.1348,0.1255,0.0823,0.1436,,,,
ARAUCA,ARAUCA,6.796280825,-70.50921153,POINT (-70.50921153 6.796280825),SIERRACOL ENERGY ARAUCA LLC,CHIPIRÓN,CHIPIRÓN,0.3729,0.3877,0.447,0.4651,0.4892,0.6022,0.5387,0.5445,,,,
ARAUCA,ARAUCA,6.796280825,-70.50921153,POINT (-70.50921153 6.796280825),SIERRACOL ENERGY ARAUCA LLC,GALEMBO,CHIPIRÓN,0.0049,0.0052,0.0051,0.0059,0.0062,0.0074,0.006,0.0063,,,,
ARAUCA,ARAUCA,6.796280825,-70.50921153,POINT (-70.50921153 6.796280825),SIERRACOL ENERGY ARAUCA LLC,MACANA,CHIPIRÓN,0.0071,0.0046,0.0174,0.0215,0.0177,0.0217,0.0193,0.0117,,,,
ARAUCA,ARAUQUITA,6.799338394,-71.29827429,POINT (-71.29827429 6.799338394),SIERRACOL ENERGY ARAUCA LLC,ARAGUATO,CHIPIRÓN,0.0055,0.0056,0.0053,0.0053,0.0052,0.0065,0.0062,0.0066,,,,
ARAUCA,ARAUQUITA,6.799338394,-71.29827429,POINT (-71.29827429 6.799338394),SIERRACOL ENERGY ARAUCA LLC,BAYONERO,CHIPIRÓN,0.0323,0.0322,0.0266,0.0262,0.0249,0.0286,0.0272,0.0239,,,,
ARAUCA,ARAUQUITA,6.799338394,-71.29827429,POINT (-71.29827429 6.799338394),SIERRACOL ENERGY ARAUCA LLC,CANAGUEY,COSECHA,0.1858,0.1349,0.1683,0.1818,0.1727,0.1824,0.1551,0.1757,,,,
ARAUCA,ARAUQUITA,6.799338394,-71.29827429,POINT (-71.29827429 6.799338394),SIERRACOL ENERGY ARAUCA LLC,CAÑO LIMÓN,CRAVO NORTE,0.0991,0.1005,0.0955,0.0917,0.0938,0.1151,0.1063,0.0994,,,,
ARAUCA,ARAUQUITA,6.799338394,-71.29827429,POINT (-71.29827429 6.799338394),SIERRACOL ENERGY ARAUCA LLC,CAÑO RONDÓN,RONDÓN,0.3755,0.4399,0.4811,0.4404,0.4423,0.4865,0.3496,0.4869,,,,
ARAUCA,ARAUQUITA,6.799338394,-71.29827429,POINT (-71.29827429 6.799338394),SIERRACOL ENERGY ARAUCA LLC,CARICARE,RONDÓN,1.363,1.3542,1.2894,1.1973,1.1193,1.2972,1.0351,1.257,,,,
ARAUCA,ARAUQUITA,6.799338394,-71.29827429,POINT (-71.29827429 6.799338394),SIERRACOL ENERGY ARAUCA LLC,CHIPIRÓN,CHIPIRÓN,0.0065,0.0068,0.0064,0.0065,0.0065,0.0081,0.0078,0.0084,,,,
ARAUCA,ARAUQUITA,6.799338394,-71.29827429,POINT (-71.29827429 6.799338394),SIERRACOL ENERGY ARAUCA LLC,FINN,COSECHA,0.3883,0.3441,0.3195,0.3076,0.3229,0.1317,0.1095,0.1416,,,,
ARAUCA,ARAUQUITA,6.799338394,-71.29827429,POINT (-71.29827429 6.799338394),SIERRACOL ENERGY ARAUCA LLC,JIBA,CHIPIRÓN,0.0023,0.0026,0.0025,0.0026,0.0026,0.0032,0.0017,0.0033,,,,
ARAUCA,ARAUQUITA,6.799338394,-71.29827429,POINT (-71.29827429 6.799338394),SIERRACOL ENERGY ARAUCA LLC,JIBA UNIFICADO,CHIPIRÓN,0.027,0.0291,0.0278,0.0285,0.0284,0.0357,0.0202,0.0317,,,,
ARAUCA,ARAUQUITA,6.799338394,-71.29827429,POINT (-71.29827429 6.799338394),SIERRACOL ENERGY ARAUCA LLC,MORROCOY,COSECHA,0.008,0.0095,0.0074,0.0068,0.0064,0.005,0,0,,,,
ARAUCA,ARAUQUITA,6.799338394,-71.29827429,POINT (-71.29827429 6.799338394),SIERRACOL ENERGY ARAUCA LLC,REDONDO,CRAVO NORTE,0.0946,0.0994,0.102,0.0975,0.1031,0.1505,0.1195,0.1693,,,,
ARAUCA,ARAUQUITA,6.799338394,-71.29827429,POINT (-71.29827429 6.799338394),SIERRACOL ENERGY ARAUCA LLC,REDONDO ESTE,CRAVO NORTE,0.0035,0.0036,0.0039,0.0041,0.004,0.0049,0.0047,0.0049,,,,
ARAUCA,ARAUQUITA,6.799338394,-71.29827429,POINT (-71.29827429 6.799338394),SIERRACOL ENERGY ARAUCA LLC,REX NE,COSECHA,0.1146,0.108,0.1052,0.1011,0.0951,0.0946,0.079,0.0924,,,,
ARAUCA,ARAUQUITA,6.799338394,-71.29827429,POINT (-71.29827429 6.799338394),SIERRACOL ENERGY ARAUCA LLC,TERECAY,COSECHA,0.1929,0.2039,0.2075,0.2256,0.2155,0.2175,0.157,0.1912,,,,
ARAUCA,TAME,6.390650479,-71.79178647,POINT (-71.79178647 6.390650479),PAREX RESOURCES COLOMBIA LTD. SUCURSAL,ANDINA,CAPACHOS,4.4719,7.1989,6.4421,5.8783,2.0625,3.5783,5.9881,5.1616,,,,
ARAUCA,TAME,6.390650479,-71.79178647,POINT (-71.79178647 6.390650479),PAREX RESOURCES COLOMBIA LTD. SUCURSAL,CAPACHOS,CAPACHOS,0.6426,0,0.6579,0.5725,0.2048,0.9536,1.5613,1.2747,,,,
ATLANTICO,PONEDERA,10.59465102,-74.79847316,POINT (-74.79847316 10.59465102),LEWIS ENERGY COLOMBIA INC,MERECUMBE,SSJN-1,1.7214,0.0091,0.005,0.004,0,0,0,0,,,,
ATLANTICO,SABANALARGA,10.62250777,-74.95510542,POINT (-74.95510542 10.62250777),LEWIS ENERGY COLOMBIA INC,BULLERENGUE,SSJN-1,25.0511,26.7257,26.831,27.4578,27.5194,27.3113,27.2058,27.6796,,,,
BOLIVAR,CANTAGALLO,7.239229146,-74.10014043,POINT (-74.10014043 7.239229146),ECOPETROL S.A.,YARIGUÍ-CANTAGALLO,MAGDALENA MEDIO-YARIGUI-CANTAGALLO,4.2601,4.1712,5.1566,5.0079,5.3296,4.8002,4.3285,4.3676,,,,
BOLIVAR,CICUCO,9.235268598,-74.68840962,POINT (-74.68840962 9.235268598),HOCOL S.A.,CICUCO,CICUCO BOQUETE,1.592,1.5917,1.4809,1.4509,1.4329,1.3702,1.463,1.3846,,,,
BOLIVAR,TALAIGUA NUEVO,9.269516705,-74.58695233,POINT (-74.58695233 9.269516705),HOCOL S.A.,BOQUETE,CICUCO BOQUETE,0.1498,0.2054,0.1786,0.1267,0.1848,0.2203,0.1784,0.1301,,,,
BOLIVAR,TALAIGUA NUEVO,9.269516705,-74.58695233,POINT (-74.58695233 9.269516705),HOCOL S.A.,CICUCO,CICUCO BOQUETE,0.3664,0.441,0.464,0.2893,0.2731,0.3707,0.2831,0.344,,,,
BOYACA,CORRALES,5.82454582,-72.84544845,POINT (-72.84544845 5.82454582),UNION TEMPORAL OMEGA ENERGY,CORRALES,BUENAVISTA,4.04,4.0012,3.9967,4.0328,3.9668,3.9017,3.8202,3.8524,,,,
BOYACA,PUERTO BOYACA,5.953466654,-74.4528581,POINT (-74.4528581 5.953466654),MANSAROVAR ENERGY COLOMBIA LTD,ABARCO,NARE,0.1083,0.132,0.1493,0.1697,0.1256,0.0592,0.075,0.0843,,,,
BOYACA,PUERTO BOYACA,5.953466654,-74.4528581,POINT (-74.4528581 5.953466654),ECOPETROL S.A.,CAIPAL,PALAGUA,0.3588,0.3515,0.374,0.3433,0.3175,0.3685,0.3984,0.4222,,,,
BOYACA,PUERTO BOYACA,5.953466654,-74.4528581,POINT (-74.4528581 5.953466654),MANSAROVAR ENERGY COLOMBIA LTD,GIRASOL,NARE,0.8101,0.7578,0.7,0.8355,0.771,0.5354,0.7328,0.8005,,,,
BOYACA,PUERTO BOYACA,5.953466654,-74.4528581,POINT (-74.4528581 5.953466654),MANSAROVAR ENERGY COLOMBIA LTD,JAZMIN,NARE,1.5234,1.7139,1.607,1.506,1.3575,0.6592,1.4191,1.2938,,,,
BOYACA,PUERTO BOYACA,5.953466654,-74.4528581,POINT (-74.4528581 5.953466654),MANSAROVAR ENERGY COLOMBIA LTD,MORICHE,NARE,0.7138,0.7436,0.7006,0.6987,0.6555,0.4006,0.684,0.6668,,,,
BOYACA,PUERTO BOYACA,5.953466654,-74.4528581,POINT (-74.4528581 5.953466654),ECOPETROL S.A.,PALAGUA,PALAGUA,2.5677,2.5995,2.5425,2.5643,2.6551,2.7779,2.8308,2.7897,,,,
BOYACA,PUERTO BOYACA,5.953466654,-74.4528581,POINT (-74.4528581 5.953466654),MANSAROVAR ENERGY COLOMBIA LTD,UNDERRIVER,NARE,0.1857,0.2277,0.2403,0.2404,0.1829,0.1183,0.18,0.1884,,,,
BOYACA,PUERTO BOYACA,5.953466654,-74.4528581,POINT (-74.4528581 5.953466654),MANSAROVAR ENERGY COLOMBIA LTD,VELASQUEZ,GUAGUAQUI - TERAN,0.3892,0.431,0.4308,0.4451,0.4392,0.4131,0.4253,0.4026,,,,
BOYACA,SAN LUIS DE GACENO,4.798203543,-73.13397018,POINT (-73.13397018 4.798203543),NIKOIL ENERGY CORP,MEDINA,CÓNDOR,0.0198,0.0377,0.0386,0.0338,0.0365,0.0361,0.0194,0,,,,
BOYACA,TOPAGA,5.765350303,-72.83672958,POINT (-72.83672958 5.765350303),UNION TEMPORAL OMEGA ENERGY,BOLÍVAR,BUENAVISTA,0.0017,0.0019,0.002,0.002,0.002,0.0021,0.002,0.0019,,,,
CASANARE,AGUAZUL,5.126121886,-72.54821017,POINT (-72.54821017 5.126121886),ECOPETROL S.A.,CUPIAGUA,ECOP-SDLA-OP-DIRECTA,306.9654,300.9325,294.2063,291.153,292.2429,274.6734,268.258,238.4295,,,,
CASANARE,AGUAZUL,5.126121886,-72.54821017,POINT (-72.54821017 5.126121886),ECOPETROL S.A.,CUPIAGUA LIRIA,RECETOR,86.5493,87.1805,87.3896,84.8718,80.8077,75.506,92.4823,61.2712,,,,
CASANARE,AGUAZUL,5.126121886,-72.54821017,POINT (-72.54821017 5.126121886),ECOPETROL S.A.,CUPIAGUA SUR,ECOP-SDLA-OP-DIRECTA,178.0606,187.7782,179.6531,174.4374,146.3517,174.2886,191.8668,201.352,,,,
CASANARE,AGUAZUL,5.126121886,-72.54821017,POINT (-72.54821017 5.126121886),ECOPETROL S.A.,CUSIANA NORTE,CUSIANA NORTE,72.6145,72.6674,69.3701,68.1609,70.9361,69.1762,72.4816,68.4077,,,,
CASANARE,AGUAZUL,5.126121886,-72.54821017,POINT (-72.54821017 5.126121886),PERENCO COLOMBIA LIMITED,LA GLORIA,CASANARE,0.2348,0.2413,0.2367,0.2452,0.1341,0.1261,0.1707,0.1925,,,,
CASANARE,AGUAZUL,5.126121886,-72.54821017,POINT (-72.54821017 5.126121886),CEPSA COLOMBIA S.A.,RAMIRIQUI,LLA 22,1.6092,1.5716,1.5492,1.5306,1.4001,0.691,0.1732,1.1476,,,,
CASANARE,AGUAZUL,5.126121886,-72.54821017,POINT (-72.54821017 5.126121886),PAREX RESOURCES COLOMBIA LTD. SUCURSAL,RUMBA,LLA 26,0.3342,0.3024,0.2571,0.2698,0.263,0.3312,0.3162,0.3249,,,,
CASANARE,HATO COROZAL,6.03948032,-71.52445752,POINT (-71.52445752 6.03948032),GREEN POWER SUCURSAL COLOMBIA,OJO DE TIGRE,JOROPO,0,0,0,0,0,0.0097,0,0,,,,
CASANARE,MANI,4.675769488,-72.21280273,POINT (-72.21280273 4.675769488),EMERALD ENERGY PLC SUCURSAL COLOMBIA,CAMPO RICO,CAMPO RICO,0.0047,0.0047,0.0047,0.0046,0.0046,0.0046,0.0049,0.0049,,,,
CASANARE,MANI,4.675769488,-72.21280273,POINT (-72.21280273 4.675769488),EMERALD ENERGY PLC SUCURSAL COLOMBIA,CENTAURO SUR,CAMPO RICO,0.0004,0.0004,0.0004,0.0004,0.0005,0.0005,0.0008,0.0012,,,,
CASANARE,MANI,4.675769488,-72.21280273,POINT (-72.21280273 4.675769488),PERENCO COLOMBIA LIMITED,LA GLORIA,CASANARE,0.2777,0.2795,0.2682,0.2786,0.0858,0.0694,0.0221,0,,,,
CASANARE,MANI,4.675769488,-72.21280273,POINT (-72.21280273 4.675769488),HOCOL S.A.,LA PUNTA,LA PUNTA,0.0018,0.0018,0.0038,0.0036,0.004,0.004,0.0039,0.0038,,,,
CASANARE,MANI,4.675769488,-72.21280273,POINT (-72.21280273 4.675769488),EMERALD ENERGY PLC SUCURSAL COLOMBIA,VIGIA SUR,CAMPO RICO,0,0.0009,0.0008,0.0008,0.0011,0.0011,0.0011,0.0008,,,,
CASANARE,MONTERREY,4.841308642,-72.8473434,POINT (-72.8473434 4.841308642),Frontera Energy Colombia Corp Sucursal Colombia,Canaguay,CANAGUARO,0.1931,0.2117,0.1899,0.2655,0.282,0.209,0.2192,0.1484,,,,
CASANARE,NUNCHIA,5.529181235,-72.09251937,POINT (-72.09251937 5.529181235),PERENCO COLOMBIA LIMITED,TIERRA BLANCA,CASANARE,0.0351,0.0124,0.0368,0.0091,0.0027,0.009,0.0056,0.015,,,,
CASANARE,NUNCHIA,5.529181235,-72.09251937,POINT (-72.09251937 5.529181235),PERENCO COLOMBIA LIMITED,TOCARIA,CASANARE,0,0,0,0,0,0,0,0.2471,,,,
CASANARE,OROCUE,4.915139133,-71.59873966,POINT (-71.59873966 4.915139133),COLOMBIA ENERGY DEVELOPMENT CO,CANACABARE,ALCARAVÁN,0.0007,0.0007,0.0007,0.0007,0.0007,0.0007,0.0007,0.0007,,,,
CASANARE,OROCUE,4.915139133,-71.59873966,POINT (-71.59873966 4.915139133),INVEPETROL LIMITED COLOMBIA,CURITO,CASANARE ESTE,0.0023,0.0024,0.0023,0.002,0.0038,0.0021,0.0019,0.0021,,,,
CASANARE,OROCUE,4.915139133,-71.59873966,POINT (-71.59873966 4.915139133),COLOMBIA ENERGY DEVELOPMENT CO,DANES,LLA 23,0,0,0,0.003,0.0035,0.003,0.003,0.0004,,,,
CASANARE,OROCUE,4.915139133,-71.59873966,POINT (-71.59873966 4.915139133),COLOMBIA ENERGY DEVELOPMENT CO,LABRADOR,LLA 23,0,0.0009,0.072,0.2122,0.1189,0.1407,0.1406,0.2766,,,,
CASANARE,OROCUE,4.915139133,-71.59873966,POINT (-71.59873966 4.915139133),CANACOL ENERGY COLOMBIA SAS,RANCHO HERMOSO,RANCHO HERMOSO,0.0595,0.0653,0.0593,0.0592,0.0571,0.0621,0.0554,0.0488,,,,
CASANARE,OROCUE,4.915139133,-71.59873966,POINT (-71.59873966 4.915139133),HOCOL S.A.,SANTO DOMINGO,LA PUNTA,0.0436,0.0396,0.0436,0.0376,0.0317,0.0293,0.0293,0.0284,,,,
CASANARE,OROCUE,4.915139133,-71.59873966,POINT (-71.59873966 4.915139133),HOCOL S.A.,SANTO DOMINGO NORTE,LA PUNTA,0.1139,0.1062,0.1208,0.1139,0.1062,0.0974,0.0979,0.0983,,,,
CASANARE,OROCUE,4.915139133,-71.59873966,POINT (-71.59873966 4.915139133),EMERALD ENERGY PLC SUCURSAL COLOMBIA,VIGIA SUR,CAMPO RICO,0.0131,0.0116,0.0115,0.0123,0.0141,0.0151,0.0155,0.0156,,,,
CASANARE,OROCUE,4.915139133,-71.59873966,POINT (-71.59873966 4.915139133),PERENCO COLOMBIA LIMITED,VIREO,OROPENDOLA,0.0308,0.0321,0.0303,0.0286,0.0353,0.036,0.0359,0.0354,,,,
CASANARE,PAZ DE ARIPORO,5.779915281,-70.86947037,POINT (-70.86947037 5.779915281),Frontera Energy Colombia Corp Sucursal Colombia,AZOR,ARRENDAJO,0.0083,0.0081,0.0079,0.0078,0.0077,0.0078,0.0091,0.0094,,,,
CASANARE,PAZ DE ARIPORO,5.779915281,-70.86947037,POINT (-70.86947037 5.779915281),PAREX RESOURCES COLOMBIA LTD. SUCURSAL,BEGONIA,LLA 40,0.0343,0.0346,0.0333,0.03,0.0211,0.0259,0.0253,0.0247,,,,
CASANARE,PAZ DE ARIPORO,5.779915281,-70.86947037,POINT (-70.86947037 5.779915281),PERENCO OIL AND GAS COLOMBIA LIMITED.,CUERVA OESTE,LA CUERVA,0.0287,0.0285,0.0282,0.0235,0.0184,0.0157,0.0171,0.0178,,,,
CASANARE,PAZ DE ARIPORO,5.779915281,-70.86947037,POINT (-70.86947037 5.779915281),PERENCO OIL AND GAS COLOMBIA LIMITED.,CUERVA SUR,LA CUERVA,0.0044,0.0036,0.0034,0.0033,0.0034,0.0031,0.0031,0.003,,,,
CASANARE,PAZ DE ARIPORO,5.779915281,-70.86947037,POINT (-70.86947037 5.779915281),NEW GRANADA ENERGY CORPORATION SUCURSAL COLOMBIA,DOROTEA B,DOROTEA,0.1732,0.1812,0.1974,0.1789,0.1648,0.1606,0.1724,0.1684,,,,
CASANARE,PAZ DE ARIPORO,5.779915281,-70.86947037,POINT (-70.86947037 5.779915281),NEW GRANADA ENERGY CORPORATION SUCURSAL COLOMBIA,LEONA B,LEONA,0.0153,0.0152,0.0154,0.015,0.014,0.0147,0.0127,0.0123,,,,
CASANARE,PAZ DE ARIPORO,5.779915281,-70.86947037,POINT (-70.86947037 5.779915281),NEW GRANADA ENERGY CORPORATION SUCURSAL COLOMBIA,LEONA B SUR,LEONA,0.004,0.0041,0.001,0.001,0.001,0,0.0015,0.006,,,,
CASANARE,PAZ DE ARIPORO,5.779915281,-70.86947037,POINT (-70.86947037 5.779915281),NEW GRANADA ENERGY CORPORATION SUCURSAL COLOMBIA,LEONA C,LEONA,0.0085,0.0083,0.0081,0.008,0.0082,0.0083,0.0085,0.0081,,,,
CASANARE,PAZ DE ARIPORO,5.779915281,-70.86947037,POINT (-70.86947037 5.779915281),Frontera Energy Colombia Corp Sucursal Colombia,YAGUAZO,ARRENDAJO,0.0284,0.0281,0.0286,0.0285,0.025,0.0235,0.0256,0.024,,,,
CASANARE,PAZ DE ARIPORO,5.779915281,-70.86947037,POINT (-70.86947037 5.779915281),PERENCO OIL AND GAS COLOMBIA LIMITED.,YAMÚ,YAMU,0.0018,0.0019,0.0019,0.002,0.002,0.002,0.002,0.002,,,,
CASANARE,PORE,5.663194953,-71.92580806,POINT (-71.92580806 5.663194953),PERENCO OIL AND GAS COLOMBIA LIMITED.,CARUPANA,YAMU,0.0087,0.0065,0.0084,0.0105,0.0114,0.0116,0.0119,0.0116,,,,
CASANARE,PORE,5.663194953,-71.92580806,POINT (-71.92580806 5.663194953),PAREX RESOURCES COLOMBIA LTD. SUCURSAL,KONA,LLA 16,0,0,0.022,0.0744,0.0128,0,0,0,,,,
CASANARE,PORE,5.663194953,-71.92580806,POINT (-71.92580806 5.663194953),PERENCO OIL AND GAS COLOMBIA LIMITED.,POTRILLO,YAMU,0.0029,0.0028,0.0031,0.0035,0.0039,0.0039,0.0033,0.0039,,,,
CASANARE,SAN LUIS DE PALENQUE,5.274955665,-71.81749276,POINT (-71.81749276 5.274955665),PAREX RESOURCES COLOMBIA LTD. SUCURSAL,ADALIA,LLA 30,0.0134,0.0134,0.0135,0.0128,0.0109,0.0143,0.0138,0.0126,,,,
CASANARE,SAN LUIS DE PALENQUE,5.274955665,-71.81749276,POINT (-71.81749276 5.274955665),PERENCO COLOMBIA LIMITED,CRAVO ESTE,CASANARE,0.2733,0.2729,0.2449,0.2519,0.2481,0.2528,0.2563,0.2487,,,,
CASANARE,SAN LUIS DE PALENQUE,5.274955665,-71.81749276,POINT (-71.81749276 5.274955665),INVEPETROL LIMITED COLOMBIA,CURITO,CASANARE ESTE,0.0021,0.0022,0.002,0.0017,0,0.0019,0.0017,0.0018,,,,
CASANARE,SAN LUIS DE PALENQUE,5.274955665,-71.81749276,POINT (-71.81749276 5.274955665),PAREX RESOURCES COLOMBIA LTD. SUCURSAL,LAS MARACAS,LOS OCARROS,0.2736,0.275,0.2775,0.2734,0.088,0.2395,0.2485,0.2181,,,,
CASANARE,SAN LUIS DE PALENQUE,5.274955665,-71.81749276,POINT (-71.81749276 5.274955665),COLOMBIA ENERGY DEVELOPMENT CO,PANTRO,LLA 23,0.0002,0.0003,0.0003,0.0003,0.0003,0.0002,0.0002,0.0001,,,,
CASANARE,SAN LUIS DE PALENQUE,5.274955665,-71.81749276,POINT (-71.81749276 5.274955665),PERENCO COLOMBIA LIMITED,REMACHE NORTE,COROCORA,0.0226,0.0227,0.022,0.0289,0.0355,0.0306,0.0321,0.0314,,,,
CASANARE,SAN LUIS DE PALENQUE,5.274955665,-71.81749276,POINT (-71.81749276 5.274955665),PERENCO COLOMBIA LIMITED,REMACHE SUR,COROCORA,0.0733,0.0717,0.076,0.0741,0.062,0.0684,0.0697,0.0668,,,,
CASANARE,TAURAMENA,4.697463691,-72.62922436,POINT (-72.62922436 4.697463691),VERANO ENERGY LIMITED SUCURSAL,CALONA,LLA 32,0.5374,0.3776,0.2097,0.319,0.6889,1.4437,1.3724,1.166,,,,
CASANARE,TAURAMENA,4.697463691,-72.62922436,POINT (-72.62922436 4.697463691),Frontera Energy Colombia Corp Sucursal Colombia,Canaguay,CANAGUARO,0.0416,0.0303,0.0234,0.0199,0.0126,0.02,0.0162,0.0154,,,,
CASANARE,TAURAMENA,4.697463691,-72.62922436,POINT (-72.62922436 4.697463691),VERANO ENERGY LIMITED SUCURSAL,CARMENTEA,LLA 32,2.2435,0,5.3718,11.2772,10.4253,10.0969,9.888,9.5434,,,,
CASANARE,TAURAMENA,4.697463691,-72.62922436,POINT (-72.62922436 4.697463691),ECOPETROL S.A.,CUSIANA,RÍO CHITAMENA,34.6013,34.3287,34.0754,33.3098,32.2599,31.6674,32.0435,32.4023,,,,
CASANARE,TAURAMENA,4.697463691,-72.62922436,POINT (-72.62922436 4.697463691),ECOPETROL S.A.,CUSIANA,TAURAMENA,91.069,89.0343,85.5336,78.4704,88.9923,82.4272,77.8242,79.355,,,,
CASANARE,TAURAMENA,4.697463691,-72.62922436,POINT (-72.62922436 4.697463691),VERANO ENERGY LIMITED SUCURSAL,KANANASKIS,LLA 32,7.415,10.5286,5.8682,0,0,0,0,0,,,,
CASANARE,TAURAMENA,4.697463691,-72.62922436,POINT (-72.62922436 4.697463691),GEOPARK COLOMBIA S.A.S.,TILO,LLA 34,0.0423,0.0455,0.0571,0.0577,0.0211,0.049,0.0582,0.0579,,,,
CASANARE,TAURAMENA,4.697463691,-72.62922436,POINT (-72.62922436 4.697463691),GEOPARK COLOMBIA S.A.S.,TUA,LLA 34,0.2098,0.2109,0.2063,0.2034,0.1834,0.2092,0.1796,0.1363,,,,
CASANARE,TRINIDAD,5.354527091,-71.25479519,POINT (-71.25479519 5.354527091),LEWIS ENERGY COLOMBIA INC,AZAFRÁN,GUACHIRIA SUR,0,0,0.0013,0.0013,0.001,0.0009,0.001,0.0011,,,,
CASANARE,TRINIDAD,5.354527091,-71.25479519,POINT (-71.25479519 5.354527091),PERENCO COLOMBIA LIMITED,COREN,COROCORA,0.0935,0.1071,0.1097,0.1083,0.1054,0.1057,0.1064,0.1076,,,,
CASANARE,TRINIDAD,5.354527091,-71.25479519,POINT (-71.25479519 5.354527091),PERENCO COLOMBIA LIMITED,COROCORA,COROCORA,0.0864,0.0903,0.1162,0.1132,0.097,0.0961,0.0949,0.0916,,,,
CASANARE,TRINIDAD,5.354527091,-71.25479519,POINT (-71.25479519 5.354527091),LEWIS ENERGY COLOMBIA INC,LOS ACEITES,GUACHIRÍA,0,0,0.0087,0.0604,0.0329,0.0527,0.0538,0.0554,,,,
CASANARE,TRINIDAD,5.354527091,-71.25479519,POINT (-71.25479519 5.354527091),LEWIS ENERGY COLOMBIA INC,PRIMAVERA,GUACHIRÍA,0,0,0.0007,0.008,0.0068,0.0105,0.01,0.0092,,,,
CASANARE,TRINIDAD,5.354527091,-71.25479519,POINT (-71.25479519 5.354527091),LEWIS ENERGY COLOMBIA INC,TULIPÁN,GUACHIRIA SUR,0,0,0.0079,0.0088,0.0113,0.0141,0.0137,0.0136,,,,
CASANARE,VILLA NUEVA,4.528307719,-72.82314281,POINT (-72.82314281 4.528307719),Frontera Energy Colombia Corp Sucursal Colombia,CARUTO,CORCEL,0.0465,0.0451,0.0442,0.0437,0.0414,0.0409,0.0403,0.042,,,,
CASANARE,YOPAL,5.242744761,-72.25802857,POINT (-72.25802857 5.242744761),ECOPETROL S.A.,FLOREÑA,PIEDEMONTE,81.7998,112.0662,113.889,110.3068,114.7418,27.5437,51.2528,111.5803,,,,
CASANARE,YOPAL,5.242744761,-72.25802857,POINT (-72.25802857 5.242744761),ECOPETROL S.A.,FLOREÑA MIRADOR,PIEDEMONTE,55.4666,69.2818,70.036,69.0126,74.1878,53.9462,62.9813,74.0061,,,,
CASANARE,YOPAL,5.242744761,-72.25802857,POINT (-72.25802857 5.242744761),PERENCO COLOMBIA LIMITED,LA GLORIA NORTE,CASANARE,0.4433,0.4962,0.5336,0.5078,0.427,0.4594,0.4057,0.4458,,,,
CASANARE,YOPAL,5.242744761,-72.25802857,POINT (-72.25802857 5.242744761),PERENCO COLOMBIA LIMITED,MORICHAL,CASANARE,0.4377,0.455,0.4666,0.4778,0.4655,0.4552,0.4854,0.5128,,,,
CASANARE,YOPAL,5.242744761,-72.25802857,POINT (-72.25802857 5.242744761),ECOPETROL S.A.,PAUTO SUR,PIEDEMONTE,403.5776,410.4107,402.1125,409.1061,398.1915,353.7914,365.3708,365.7917,,,,
CASANARE,YOPAL,5.242744761,-72.25802857,POINT (-72.25802857 5.242744761),ECOPETROL S.A.,PAUTO SUR RECETOR,RECETOR,10.6018,10.485,10.6622,10.3879,9.6745,9.4988,9.0233,8.7768,,,,
CASANARE,YOPAL,5.242744761,-72.25802857,POINT (-72.25802857 5.242744761),CANACOL ENERGY COLOMBIA SAS,RANCHO HERMOSO,RANCHO HERMOSO,0.0019,0.0019,0.0019,0.0017,0.0017,0.0058,0.0065,0.0058,,,,
CASANARE,YOPAL,5.242744761,-72.25802857,POINT (-72.25802857 5.242744761),COLOMBIA ENERGY DEVELOPMENT CO,TILODIRÁN,RIO VERDE,0.5021,0.4956,0.48,0.4887,0.4837,0.4783,0.4904,0.4873,,,,
CASANARE,YOPAL,5.242744761,-72.25802857,POINT (-72.25802857 5.242744761),PERENCO COLOMBIA LIMITED,TOCARIA,CASANARE,0.3165,0.3079,0.315,0.3036,0.2721,0.2493,0.2591,0,,,,
CASANARE,YOPAL,5.242744761,-72.25802857,POINT (-72.25802857 5.242744761),EMERALD ENERGY PLC SUCURSAL COLOMBIA,VIGIA,CAMPO RICO,0.0375,0.0384,0.0361,0.0385,0.0347,0.0377,0.0322,0.0321,,,,
CASANARE,YOPAL,5.242744761,-72.25802857,POINT (-72.25802857 5.242744761),ECOPETROL S.A.,VOLCANERA,RECETOR,0,0,0,0,0,0.0422,0,0,,,,
CESAR,AGUACHICA,8.248735219,-73.6227405,POINT (-73.6227405 8.248735219),LEWIS ENERGY COLOMBIA INC,CARAMELO,VMM 1,1.9128,1.9039,1.8499,1.7464,1.7198,1.6561,0,0,,,,
CESAR,AGUACHICA,8.248735219,-73.6227405,POINT (-73.6227405 8.248735219),WATTLE PETROLEUM COMPANY S.A.S,CARAMELO,VMM 1,0,0,0,0,0,0,1.4393,1.3579,,,,
CESAR,AGUACHICA,8.248735219,-73.6227405,POINT (-73.6227405 8.248735219),CARRAO ENERGY S.A. SUCURSAL COLOMBIA,MONO ARAÑA,VMM 2,0.1363,0.143,0.0688,0.0415,0,0,0,0,,,,
CESAR,AGUACHICA,8.248735219,-73.6227405,POINT (-73.6227405 8.248735219),GRAN TIERRA COLOMBIA INC SUCURSAL,MONO ARAÑA,VMM 2,0,0,0,0,0.098,0.1491,0.1896,0.1788,,,,
CESAR,AGUACHICA,8.248735219,-73.6227405,POINT (-73.6227405 8.248735219),CARRAO ENERGY S.A. SUCURSAL COLOMBIA,OSO PARDO,SANTA ISABEL,0,0,0,0,0,0.1029,0.3603,0.2605,,,,
CESAR,AGUACHICA,8.248735219,-73.6227405,POINT (-73.6227405 8.248735219),LEWIS ENERGY COLOMBIA INC,TOPOSI,VMM 1,2.9228,2.9685,2.9083,2.9594,2.9991,3.0605,0,0,,,,
CESAR,AGUACHICA,8.248735219,-73.6227405,POINT (-73.6227405 8.248735219),WATTLE PETROLEUM COMPANY S.A.S,TOPOSI,VMM 1,0,0,0,0,0,0,3.3109,3.4132,,,,
CESAR,AGUACHICA,8.248735219,-73.6227405,POINT (-73.6227405 8.248735219),PAREX RESOURCES COLOMBIA LTD. SUCURSAL,TOTUMAL,FORTUNA,0,0,0,0.0004,0,0,0,0,,,,
CESAR,ASTREA,9.510727925,-73.94214641,POINT (-73.94214641 9.510727925),HOCOL S.A.,ARJONA,CHIMICHAGUA,2.7084,3.3538,3.3339,3.3242,3.2898,3.2492,3.2916,3.4392,,,,
CESAR,EL PASO,9.683474681,-73.73833778,POINT (-73.73833778 9.683474681),TEXICAN OIL LTD SUCURSAL EN COLOMBIA,COMPAE,MARACAS,0,0,0.0005,0,0,0,0,0,,,,
CESAR,GAMARRA,8.337726622,-73.70649199,POINT (-73.70649199 8.337726622),LEWIS ENERGY COLOMBIA INC,La Estancia,VMM 1,1.3176,1.341,1.4496,1.4859,1.4628,1.4526,0,0,,,,
CESAR,GAMARRA,8.337726622,-73.70649199,POINT (-73.70649199 8.337726622),WATTLE PETROLEUM COMPANY S.A.S,La Estancia,VMM 1,0,0,0,0,0,0,1.4452,1.4026,,,,
CESAR,LA JAGUA IBIRICO,9.52099808,-73.32249338,POINT (-73.32249338 9.52099808),"DRUMMOND ENERGY, INC",CAPORO,LA LOMA,0.7949,0.7924,0.8946,0.9989,1.0449,1.0328,0.9632,0.9856,,,,
CESAR,RIO DE ORO,8.201070245,-73.48750127,POINT (-73.48750127 8.201070245),"GRAN TIERRA ENERGY COLOMBIA, LLC",CHUIRA,MIDAS,0.0639,0.0606,0.0563,0.0518,0.0561,0.0549,0.0549,0.0529,,,,
CESAR,RIO DE ORO,8.201070245,-73.48750127,POINT (-73.48750127 8.201070245),"GRAN TIERRA ENERGY COLOMBIA, LLC",LOS ANGELES,TISQUIRAMA B,0.0049,0.0126,0.0513,0.0658,0.068,0.067,0.0743,0.0554,,,,
CESAR,RIO DE ORO,8.201070245,-73.48750127,POINT (-73.48750127 8.201070245),PAREX RESOURCES COLOMBIA LTD. SUCURSAL,PIMIENTO,FORTUNA,0,0,0,0,0,0.002,0,0,,,,
CESAR,RIO DE ORO,8.201070245,-73.48750127,POINT (-73.48750127 8.201070245),PAREX RESOURCES COLOMBIA LTD. SUCURSAL,TOTUMAL,FORTUNA,0.0666,0.1218,0.1534,0.1232,0.1242,0.0529,0.0915,0.0879,,,,
CESAR,SAN ALBERTO,7.769815987,-73.47218888,POINT (-73.47218888 7.769815987),"GRAN TIERRA ENERGY COLOMBIA, LLC",SANTA LUCÍA,TISQUIRAMA-A,0,0,0,0,0,0.0007,0.0038,0.0036,,,,
CESAR,SAN MARTÍN,7.937788454,-73.54436312,POINT (-73.54436312 7.937788454),"GRAN TIERRA ENERGY COLOMBIA, LLC",ACORDIONERO,MIDAS,2.6829,3.3383,4.3374,4.8285,4.1122,4.652,4.3644,4.254,,,,
CESAR,SAN MARTÍN,7.937788454,-73.54436312,POINT (-73.54436312 7.937788454),ECOPETROL S.A.,SAN ROQUE,TISQUIRAMA-C,0.7594,0.421,0.4595,0.4575,0.4468,0.4417,0.4488,0.4042,,,,
CESAR,SAN MARTÍN,7.937788454,-73.54436312,POINT (-73.54436312 7.937788454),ECOPETROL S.A.,TISQUIRAMA,TISQUIRAMA-C,0.9677,0.9285,0.8302,0.812,0.7859,0.7652,0.6805,0.4997,,,,
CORDOBA,PUEBLO NUEVO,8.481339568,-75.40516154,POINT (-75.40516154 8.481339568),HOCOL S.A.,ARRECIFE,VIM 8,4.2023,3.5855,3.6537,3.2361,2.9677,3.2787,3.6185,4.0009,,,,
CORDOBA,PUEBLO NUEVO,8.481339568,-75.40516154,POINT (-75.40516154 8.481339568),CANACOL ENERGY COLOMBIA SAS,BREVA,VIM 21,2.3446,0.6696,1.2408,1.419,1.1239,1.4751,1.0418,0.9522,,,,
CORDOBA,PUEBLO NUEVO,8.481339568,-75.40516154,POINT (-75.40516154 8.481339568),CANACOL ENERGY COLOMBIA SAS,NELSON,ESPERANZA,50.7951,54.0669,48.9059,40.2116,42.7589,48.592,51.5897,49.7507,,,,
CORDOBA,PUEBLO NUEVO,8.481339568,-75.40516154,POINT (-75.40516154 8.481339568),CANACOL ENERGY COLOMBIA SAS,PALMER,ESPERANZA,9.2552,10.1403,9.5684,9.8578,8.0345,7.3062,6.7711,5.9462,,,,
CORDOBA,PUEBLO NUEVO,8.481339568,-75.40516154,POINT (-75.40516154 8.481339568),CANACOL ENERGY COLOMBIA SAS,TORONJA,VIM 21,1.7326,1.5865,2.647,2.5616,1.1951,1.0749,1.1434,1.089,,,,
CORDOBA,SAHAGUN,8.799007016,-75.42925664,POINT (-75.42925664 8.799007016),CANACOL ENERGY COLOMBIA SAS,AGUAS VIVAS,VIM 21,0,0,0,0,0,5.6431,15.1286,23.1647,,,,
CORDOBA,SAHAGUN,8.799007016,-75.42925664,POINT (-75.42925664 8.799007016),CANACOL ENERGY COLOMBIA SAS,ARANDALA,VIM 21,3.7593,8.639,7.7022,7.1349,5.845,4.0423,3.5574,2.6072,,,,
CORDOBA,SAHAGUN,8.799007016,-75.42925664,POINT (-75.42925664 8.799007016),CANACOL ENERGY COLOMBIA SAS,ARIANNA,ESPERANZA,0.0011,0,0,0,0,0,0,0,,,,
CORDOBA,SAHAGUN,8.799007016,-75.42925664,POINT (-75.42925664 8.799007016),CANACOL ENERGY COLOMBIA SAS,CAÑAFLECHA,ESPERANZA,0,0,0,0,0,0,0.0177,0,,,,
CORDOBA,SAHAGUN,8.799007016,-75.42925664,POINT (-75.42925664 8.799007016),CANACOL ENERGY COLOMBIA SAS,CAÑAHUATE,ESPERANZA,0,0,0.0401,0.2393,0.8508,7.8084,5.9402,4.284,,,,
CORDOBA,SAHAGUN,8.799007016,-75.42925664,POINT (-75.42925664 8.799007016),CNE OIL & GAS S A S,CLARINETE,VIM 5,52.1995,53.7177,47.3435,48.6036,54.1315,44.4279,45.2124,44.1434,,,,
CORDOBA,SAHAGUN,8.799007016,-75.42925664,POINT (-75.42925664 8.799007016),CANACOL ENERGY COLOMBIA SAS,KATANA,ESPERANZA,0.3117,0.3092,0.0368,0.0003,0.0003,0,0,0,,,,
CORDOBA,SAHAGUN,8.799007016,-75.42925664,POINT (-75.42925664 8.799007016),CNE OIL & GAS S A S,OBOE,VIM 5,0,0.1712,0.8592,2.1024,0.1993,0.0445,0.033,0.0922,,,,
CUNDINAMARCA,GUADUAS,5.173554764,-74.64014651,POINT (-74.64014651 5.173554764),Frontera Energy Colombia Corp Sucursal Colombia,GUADUAS,DINDAL,0.5827,0.4057,0.1796,0,0,0,0,0,,,,
CUNDINAMARCA,PULI,4.691336253,-74.68074404,POINT (-74.68074404 4.691336253),HOCOL S.A.,PULI,PULI,0.0403,0.2206,0.1936,0.0509,0.0328,0,0,0.0554,,,,
GUAJIRA,MANAURE,11.60554263,-72.57160392,POINT (-72.57160392 11.60554263),HOCOL S.A.,BALLENA,GUAJIRA,19.8849,22.613,22.1944,22.4139,20.4246,21.5203,21.9141,20.4651,,,,
GUAJIRA,MANAURE,11.60554263,-72.57160392,POINT (-72.57160392 11.60554263),HOCOL S.A.,CHUCHUPA,GUAJIRA,109.6045,110.0733,106.1889,107.9446,103.6648,101.4952,101.2839,104.5529,,,,
HUILA,AIPE,3.243441923,-75.27670655,POINT (-75.27670655 3.243441923),ECOPETROL S.A.,ARRAYÁN,PIJAO-POTRERILLO,0.0852,0.08,0.074,0.0953,0.0773,0.0876,0.0866,0.0843,,,,
HUILA,AIPE,3.243441923,-75.27670655,POINT (-75.27670655 3.243441923),ECOPETROL S.A.,BALCÓN,PALERMO,0.3457,0.3431,0.2578,0.3234,0.3462,0.3409,0.3401,0.3086,,,,
HUILA,AIPE,3.243441923,-75.27670655,POINT (-75.27670655 3.243441923),ECOPETROL S.A.,BRISAS,PIJAO-POTRERILLO,0.0376,0.0373,0.0268,0.0302,0.0342,0.0329,0.0289,0.0361,,,,
HUILA,AIPE,3.243441923,-75.27670655,POINT (-75.27670655 3.243441923),ECOPETROL S.A.,DINA CRETÁCEOS,PIJAO-POTRERILLO,0.2597,0.2662,0.2553,0.256,0.3171,0.3099,0.3175,0.2922,,,,
HUILA,AIPE,3.243441923,-75.27670655,POINT (-75.27670655 3.243441923),ECOPETROL S.A.,DINA NORTE,PIJAO-POTRERILLO,0.1914,0.1896,0.2225,0.2281,0.2267,0.1864,0.1584,0.1743,,,,
HUILA,AIPE,3.243441923,-75.27670655,POINT (-75.27670655 3.243441923),ECOPETROL S.A.,DINA TERCIARIOS,PIJAO-POTRERILLO,1.0302,1.1534,1.1766,1.1692,1.2128,1.2166,1.2664,1.2602,,,,
HUILA,AIPE,3.243441923,-75.27670655,POINT (-75.27670655 3.243441923),ECOPETROL S.A.,TEMPRANILLO,PIJAO-POTRERILLO,0.2619,0.2864,0.2684,0.2536,0.2654,0.245,0.2667,0.2599,,,,
HUILA,AIPE,3.243441923,-75.27670655,POINT (-75.27670655 3.243441923),ECOPETROL S.A.,TEMPRANILLO NORTE,PIJAO-POTRERILLO,0.1758,0.1891,0.1631,0.2063,0.2381,0.2084,0.2065,0.1809,,,,
HUILA,AIPE,3.243441923,-75.27670655,POINT (-75.27670655 3.243441923),ECOPETROL S.A.,TENAY,PIJAO-POTRERILLO,0.5994,0.6955,0.4791,0.6459,0.6529,0.6423,0.6262,0.6148,,,,
HUILA,GARZON,2.172441496,-75.57131243,POINT (-75.57131243 2.172441496),EMERALD ENERGY PLC SUCURSAL COLOMBIA,GIGANTE,MATAMBO,0.5528,0.6109,0.5642,0.5874,0.5463,0.4678,0.5145,0.5254,,,,
HUILA,NEIVA,2.993360046,-75.27236232,POINT (-75.27236232 2.993360046),ECOPETROL S.A.,CEBÚ,PIJAO-POTRERILLO,0.0195,0.0218,0.02,0.042,0.0822,0.0325,0.0103,0.0117,,,,
HUILA,NEIVA,2.993360046,-75.27236232,POINT (-75.27236232 2.993360046),ECOPETROL S.A.,ESPINO,CAGUAN,0.0055,0.0028,0.0019,0.0018,0.0018,0.0019,0.0047,0.0121,,,,
HUILA,NEIVA,2.993360046,-75.27236232,POINT (-75.27236232 2.993360046),ECOPETROL S.A.,PALOGRANDE,PIJAO-POTRERILLO,0.1177,0.1376,0.1113,0.1105,0.094,0.1387,0.1574,0.1488,,,,
HUILA,NEIVA,2.993360046,-75.27236232,POINT (-75.27236232 2.993360046),ECOPETROL S.A.,PALOGRANDE HONDA,PIJAO-POTRERILLO,0.0247,0.0274,0.0256,0.0345,0.0405,0.1004,0.098,0.0488,,,,
HUILA,NEIVA,2.993360046,-75.27236232,POINT (-75.27236232 2.993360046),ECOPETROL S.A.,PIJAO POTRERILLO,PIJAO-POTRERILLO,0.0336,0.0176,0.0092,0.0252,0.015,0.0209,0.027,0.0153,,,,
HUILA,NEIVA,2.993360046,-75.27236232,POINT (-75.27236232 2.993360046),ECOPETROL S.A.,RIO CEIBAS,CAGUAN,1.4077,1.425,1.2463,1.2122,1.2725,1.0275,0.9972,1.0716,,,,
HUILA,NEIVA,2.993360046,-75.27236232,POINT (-75.27236232 2.993360046),ECOPETROL S.A.,SAN FRANCISCO,PALERMO,1.8964,1.732,1.6911,1.7259,1.7672,1.6383,1.6757,1.8659,,,,
HUILA,NEIVA,2.993360046,-75.27236232,POINT (-75.27236232 2.993360046),ECOPETROL S.A.,TELLO,CAMPOS TELLO Y LA JAGUA,0.9674,0.9626,0.9145,0.98,0.9259,1.0083,1.0263,0.9949,,,,
HUILA,PAICOL,2.40689827,-75.72803027,POINT (-75.72803027 2.40689827),HOCOL S.A.,LA CAÑADA NORTE,RIO PAEZZ,2.8429,2.9317,3.0298,2.9792,1.5371,2.5909,2.6487,2.6757,,,,
HUILA,PALERMO,2.914491967,-75.44066118,POINT (-75.44066118 2.914491967),ECOPETROL S.A.,PALERMO,PALERMO,0.0423,0.0332,0.0143,0.011,0.0135,0.0339,0.0228,0.0157,,,,
HUILA,PALERMO,2.914491967,-75.44066118,POINT (-75.44066118 2.914491967),ECOPETROL S.A.,SAN FRANCISCO,PALERMO,0.9134,0.9515,0.9272,0.8917,0.8584,0.8991,0.9236,0.8977,,,,
HUILA,PALERMO,2.914491967,-75.44066118,POINT (-75.44066118 2.914491967),ECOPETROL S.A.,SANTA CLARA,SANTA CLARA,0.3546,0.297,0.2729,0.2899,0.2084,0.1694,0.1763,0.3211,,,,
HUILA,TESALIA,2.526855132,-75.68259642,POINT (-75.68259642 2.526855132),HOCOL S.A.,LA HOCHA,RIO PAEZ,0.5866,0.5832,0.5579,0.5225,0.513,0.5206,0.4791,0.4967,,,,
HUILA,VILLAVIEJA,3.287057875,-75.13838292,POINT (-75.13838292 3.287057875),ECOPETROL S.A.,LOMA LARGA,PIJAO-POTRERILLO,0.0314,0.0344,0.0353,0.0487,0.0615,0.0583,0.0571,0.0691,,,,
HUILA,YAGUARA,2.646563339,-75.51592645,POINT (-75.51592645 2.646563339),ECOPETROL S.A.,YAGUARA,HOBO,0.6948,0.7617,0.795,0.7823,0.7711,0.8452,0.8775,0.9042,,,,
MAGDALENA,ARIGUANI,9.834264955,-74.08460085,POINT (-74.08460085 9.834264955),PETROLEOS SUD AMERICANOS SUCURSAL COLOMBIA,EL DIFÍCIL,EL DIFÍCIL,9.7868,9.585,9.4922,9.3071,9.2147,9.0142,6.805,8.7558,,,,
MAGDALENA,ARIGUANI,9.834264955,-74.08460085,POINT (-74.08460085 9.834264955),PETROLEOS SUD AMERICANOS SUCURSAL COLOMBIA,MANDINGA,EL DIFÍCIL,0.0352,0,0,0,0,0,0.0029,0,,,,
MAGDALENA,PLATO,9.76945611,-74.60181576,POINT (-74.60181576 9.76945611),PAREX RESOURCES COLOMBIA LTD. SUCURSAL,LA BELLEZA,VIM 1,0,0,3.5805,4.4237,0,0,0,0,,,,
META,ACACIAS,3.943383008,-73.57135162,POINT (-73.57135162 3.943383008),ECOPETROL S.A.,AKACIAS,CPO 9,0.6494,0.6701,0.6419,0.6556,0.5715,0.5757,0.5252,0.6294,,,,
META,ACACIAS,3.943383008,-73.57135162,POINT (-73.57135162 3.943383008),ECOPETROL S.A.,CHICHIMENE,CUBARRAL,4.9491,5.7125,5.5109,5.3472,5.9252,5.6342,4.3227,4.1602,,,,
META,BARRANCA DE UPIA,4.519076127,-72.99548981,POINT (-72.99548981 4.519076127),Frontera Energy Colombia Corp Sucursal Colombia,CORCEL A,CORCEL,0.0902,0.1003,0.1029,0.101,0.1076,0.1072,0.108,0.079,,,,
META,BARRANCA DE UPIA,4.519076127,-72.99548981,POINT (-72.99548981 4.519076127),Frontera Energy Colombia Corp Sucursal Colombia,CORCEL C,CORCEL,0,0.02,0.0573,0.057,0.0521,0.0505,0.0501,0.0412,,,,
META,CABUYARO,4.315244759,-72.95268896,POINT (-72.95268896 4.315244759),Frontera Energy Colombia Corp Sucursal Colombia,CANDELILLA,GUATIQUIA,0.0766,0.0793,0.0801,0.0664,0.057,0.0528,0.0496,0.0482,,,,
META,CABUYARO,4.315244759,-72.95268896,POINT (-72.95268896 4.315244759),Frontera Energy Colombia Corp Sucursal Colombia,CEIBO,GUATIQUIA,0.814,0.8197,0.8373,0.8661,0.8413,0.8622,0.826,0.8265,,,,
META,CABUYARO,4.315244759,-72.95268896,POINT (-72.95268896 4.315244759),Frontera Energy Colombia Corp Sucursal Colombia,COBRA,CORCEL,0.0048,0.0065,0.0063,0.0066,0.0156,0.0171,0.0162,0.0203,,,,
META,CABUYARO,4.315244759,-72.95268896,POINT (-72.95268896 4.315244759),Frontera Energy Colombia Corp Sucursal Colombia,Coralillo,GUATIQUIA,0.0632,0.054,0,0,0,0,0,0,,,,
META,CABUYARO,4.315244759,-72.95268896,POINT (-72.95268896 4.315244759),Frontera Energy Colombia Corp Sucursal Colombia,CORCEL D,CORCEL,0,0,0,0,0,0,0,0.0011,,,,
META,CABUYARO,4.315244759,-72.95268896,POINT (-72.95268896 4.315244759),Frontera Energy Colombia Corp Sucursal Colombia,CORCEL E,CORCEL,0.041,0.0704,0.0752,0.0714,0.0625,0.0633,0.069,0.0595,,,,
META,CABUYARO,4.315244759,-72.95268896,POINT (-72.95268896 4.315244759),ONGC VIDESH LIMITED SUCURSAL COLOMBIANA,INDICO,CPO 5,0.0646,0.0832,0.0879,0.0887,0.0483,0.075,0.0767,0.0758,,,,
META,CABUYARO,4.315244759,-72.95268896,POINT (-72.95268896 4.315244759),ONGC VIDESH LIMITED SUCURSAL COLOMBIANA,MARIPOSA,CPO 5,0.0641,0.0844,0.0791,0.0729,0.047,0.0537,0.0573,0.0628,,,,
META,CABUYARO,4.315244759,-72.95268896,POINT (-72.95268896 4.315244759),Frontera Energy Colombia Corp Sucursal Colombia,YATAY,GUATIQUIA,0,0,0.0549,0.0321,0.0584,0.0599,0.0569,0.0697,,,,
META,GUAMAL,3.947775585,-73.95983864,POINT (-73.95983864 3.947775585),ECOPETROL S.A.,CHICHIMENE SW,CUBARRAL,0.1605,0.1271,0.0785,0.1823,0.1544,0.1387,0.1166,0.114,,,,
META,PUERTO GAITAN,4.005034467,-71.63157429,POINT (-71.63157429 4.005034467),CEPSA COLOMBIA S.A.,CARACARA SUR A,CARACARA,0.2446,0.2414,0.228,0.2391,0.2248,0.2085,0.2317,0.2369,,,,
META,PUERTO GAITAN,4.005034467,-71.63157429,POINT (-71.63157429 4.005034467),CEPSA COLOMBIA S.A.,CARACARA SUR B Y C,CARACARA,0.0756,0.074,0.0797,0.0735,0.0699,0.0719,0.0688,0.0711,,,,
META,PUERTO GAITAN,4.005034467,-71.63157429,POINT (-71.63157429 4.005034467),HOCOL S.A.,GUARROJO,GUARROJO,0.0046,0.0047,0.0042,0.0038,0.0037,0.0037,0.0034,0.003,,,,
META,PUERTO GAITAN,4.005034467,-71.63157429,POINT (-71.63157429 4.005034467),HOCOL S.A.,OCELOTE,GUARROJO,0.3164,0.3062,0.3106,0.2871,0.2772,0.2583,0.2655,0.268,,,,
META,PUERTO GAITAN,4.005034467,-71.63157429,POINT (-71.63157429 4.005034467),HOCOL S.A.,PINTADO,GUARROJO,0.2077,0.2219,0.2037,0.2208,0.226,0.2335,0.2413,0.2442,,,,
META,VILLAVICENCIO,4.09166877,-73.49291595,POINT (-73.49291595 4.09166877),ECOPETROL S.A.,APIAY,APIAY,0.3556,0.3585,0.2911,0.2573,0.2333,0.3709,0.3818,0.3213,,,,
META,VILLAVICENCIO,4.09166877,-73.49291595,POINT (-73.49291595 4.09166877),ECOPETROL S.A.,APIAY ESTE,APIAY,0.1788,0.1712,0.1316,0.1308,0.1177,0.1175,0.1323,0.1228,,,,
META,VILLAVICENCIO,4.09166877,-73.49291595,POINT (-73.49291595 4.09166877),ECOPETROL S.A.,AUSTRAL,APIAY,0.1803,0.2816,0.2627,0.1129,0.1189,0.1442,0.1503,0.1162,,,,
META,VILLAVICENCIO,4.09166877,-73.49291595,POINT (-73.49291595 4.09166877),ECOPETROL S.A.,GAVAN,APIAY,0.1647,0.155,0.1576,0.1496,0.1708,0.3393,0.4307,0.2556,,,,
META,VILLAVICENCIO,4.09166877,-73.49291595,POINT (-73.49291595 4.09166877),ECOPETROL S.A.,GUATIQUIA,APIAY,2.7411,2.4573,2.1776,1.9689,1.4509,1.4533,1.5458,1.5947,,,,
META,VILLAVICENCIO,4.09166877,-73.49291595,POINT (-73.49291595 4.09166877),ECOPETROL S.A.,LA REFORMA,APIAY,0,0,0,0,0.0045,0.0227,0,0,,,,
META,VILLAVICENCIO,4.09166877,-73.49291595,POINT (-73.49291595 4.09166877),ECOPETROL S.A.,LIBERTAD NORTE,APIAY,0.4044,0.4587,0.5066,0.1742,0.2164,0.2009,0.1418,0.1521,,,,
META,VILLAVICENCIO,4.09166877,-73.49291595,POINT (-73.49291595 4.09166877),ECOPETROL S.A.,POMPEYA,APIAY,0.0502,0.1354,0.057,0.0578,0.0586,0.0619,0.0284,0.0055,,,,
META,VILLAVICENCIO,4.09166877,-73.49291595,POINT (-73.49291595 4.09166877),ECOPETROL S.A.,SURIA,APIAY,4.3111,3.8685,3.5333,3.4097,3.8834,4.3757,4.7415,4.3253,,,,
META,VILLAVICENCIO,4.09166877,-73.49291595,POINT (-73.49291595 4.09166877),ECOPETROL S.A.,SURIA SUR,APIAY,1.2693,1.4932,1.3136,1.6691,1.9566,2.1111,1.6467,1.4068,,,,
META,VILLAVICENCIO,4.09166877,-73.49291595,POINT (-73.49291595 4.09166877),ECOPETROL S.A.,TANANE,APIAY,0.2176,0.1208,0.1989,0.1354,0.0963,0.096,0.1373,0.1477,,,,
NARIÑO,IPIALES,0.497708465,-77.24047625,POINT (-77.24047625 0.497708465),ECOPETROL S.A.,SUCUMBIOS,AREA OCCIDENTAL,0.2462,0,0,0,0,0,0,0,,,,
NORTE DE SANTANDER,CUCUTA,8.112041811,-72.48862641,POINT (-72.48862641 8.112041811),PETROSOUTH ENERGY CORPORATION SUCURSAL COLOMBIA,CERRITO,CERRITO,0.2446,0.2734,0.2562,0.2262,0.2243,0.2358,0.2545,0.2969,,,,
NORTE DE SANTANDER,CUCUTA,8.112041811,-72.48862641,POINT (-72.48862641 8.112041811),ECOPETROL S.A.,ORIPAYA,URIBANTE,3.3396,3.3422,3.2082,3.1322,3.2494,3.2449,2.9627,3.2435,,,,
NORTE DE SANTANDER,CUCUTA,8.112041811,-72.48862641,POINT (-72.48862641 8.112041811),Iberoamericana de Hidrocarburos CQ Exploración y Producción S.A.S.,RIO ZULIA,RIO ZULIA,0.2847,0.2816,0.2822,0.2843,0.2899,0.2654,0.2732,0.278,,,,
NORTE DE SANTANDER,CUCUTA,8.112041811,-72.48862641,POINT (-72.48862641 8.112041811),PETROSOUTH ENERGY CORPORATION SUCURSAL COLOMBIA,T-BURNS,CERRITO,0.0011,0.0021,0.0028,0.0016,0.0014,0.0013,0.0016,0.0016,,,,
NORTE DE SANTANDER,SARDINATA,8.215080767,-72.79580961,POINT (-72.79580961 8.215080767),WATTLE PETROLEUM COMPANY S.A.S,CERRO GORDO,CARBONERA,0,0,0.0074,0,0,0,0,0,,,,
NORTE DE SANTANDER,TIBU,8.713507237,-72.79925855,POINT (-72.79925855 8.713507237),ECOPETROL S.A.,SARDINATA,TIBU,0.1371,0.1674,0.1483,0.087,0.1004,0.0729,0.0956,0.1382,,,,
NORTE DE SANTANDER,TIBU,8.713507237,-72.79925855,POINT (-72.79925855 8.713507237),ECOPETROL S.A.,TIBÚ,TIBU,1.0824,0.7843,1.135,0.9989,1.0342,1.0298,1.1094,1.1383,,,,
NORTE DE SANTANDER,TOLEDO,7.225864961,-72.30593418,POINT (-72.30593418 7.225864961),ECOPETROL S.A.,GIBRALTAR,SIRIRI,42.0432,42.273,42.1479,36.5747,40.1405,40.5596,30.7334,1.1232,,,,
PUTUMAYO,MOCOA,1.26070915,-76.66584349,POINT (-76.66584349 1.26070915),"GRAN TIERRA ENERGY COLOMBIA, LLC",MOQUETA,CHAZA,0.3238,0.318,0.2741,0.3291,0.2983,0.1107,0.3757,0.3591,,,,
PUTUMAYO,ORITO,0.673756323,-76.94313923,POINT (-76.94313923 0.673756323),ECOPETROL S.A.,CARIBE,AREA OCCIDENTAL,0,0,0,0,0,0,0,0.3577,,,,
PUTUMAYO,ORITO,0.673756323,-76.94313923,POINT (-76.94313923 0.673756323),ECOPETROL S.A.,CARIBE,AREA OCCIDENTAL,0.4268,0.4671,0.3744,0.3512,0.2917,0.3061,0.3816,0,,,,
PUTUMAYO,ORITO,0.673756323,-76.94313923,POINT (-76.94313923 0.673756323),ECOPETROL S.A.,CHURUYACO,AREA OCCIDENTAL,0,0,0,0,0,0,0,0.2145,,,,
PUTUMAYO,ORITO,0.673756323,-76.94313923,POINT (-76.94313923 0.673756323),ECOPETROL S.A.,CHURUYACO,AREA OCCIDENTAL,0.4062,0.3331,0.1519,0.1727,0.0526,0.1142,0.3422,0,,,,
PUTUMAYO,ORITO,0.673756323,-76.94313923,POINT (-76.94313923 0.673756323),"GRAN TIERRA ENERGY COLOMBIA, LLC",NANCY,NANCY-BURDINE-MAXINE,0.0399,0.0424,0.0442,0.0493,0.0107,0.0055,0.0511,0.0484,,,,
PUTUMAYO,ORITO,0.673756323,-76.94313923,POINT (-76.94313923 0.673756323),ECOPETROL S.A.,ORITO,ORITO,2.2239,2.0369,2.1394,2.0852,1.6483,1.9475,1.6417,1.5607,,,,
PUTUMAYO,ORITO,0.673756323,-76.94313923,POINT (-76.94313923 0.673756323),ECOPETROL S.A.,QURIYANA,AREA OCCIDENTAL,0,0.0944,0.4541,0.3394,0.0624,0.0991,0.3399,0.6321,,,,
PUTUMAYO,ORITO,0.673756323,-76.94313923,POINT (-76.94313923 0.673756323),ECOPETROL S.A.,SAN ANTONIO,AREA OCCIDENTAL,0,0,0,0,0,0,0,0.005,,,,
PUTUMAYO,ORITO,0.673756323,-76.94313923,POINT (-76.94313923 0.673756323),ECOPETROL S.A.,SAN ANTONIO,AREA OCCIDENTAL,0,0,0,0.002,0.0003,0.0006,0.0031,0,,,,
PUTUMAYO,ORITO,0.673756323,-76.94313923,POINT (-76.94313923 0.673756323),ECOPETROL S.A.,SUCIO,AREA OCCIDENTAL,0,0,0,0,0,0,0,0.0881,,,,
PUTUMAYO,ORITO,0.673756323,-76.94313923,POINT (-76.94313923 0.673756323),ECOPETROL S.A.,SUCIO,AREA OCCIDENTAL,0.1128,0.1292,0.0967,0.0835,0.0686,0.0973,0.0985,0,,,,
PUTUMAYO,PUERTO ASIS,0.433884539,-76.52158203,POINT (-76.52158203 0.433884539),"GRAN TIERRA ENERGY COLOMBIA, LLC",COHEMBI,SURORIENTE,0.5608,0.3865,0.5064,0.4827,0.0679,0.0109,0.58,0.5647,,,,
PUTUMAYO,PUERTO ASIS,0.433884539,-76.52158203,POINT (-76.52158203 0.433884539),"GRAN TIERRA ENERGY COLOMBIA, LLC",CUMPLIDOR,PUT-7,0.0042,0.0037,0.0037,0.0038,0.0071,0.0019,0.0294,0.0128,,,,
PUTUMAYO,PUERTO ASIS,0.433884539,-76.52158203,POINT (-76.52158203 0.433884539),AMERISUR EXPLORACION COLOMBIA LTD,PLATANILLO,PLATANILLO,0.3716,0.3534,0.2299,0.38,0.1284,0.072,0.3502,0.3884,,,,
PUTUMAYO,PUERTO ASIS,0.433884539,-76.52158203,POINT (-76.52158203 0.433884539),"GRAN TIERRA ENERGY COLOMBIA, LLC",QUILLACINGA,SURORIENTE,0.4054,0.2145,0.3683,0.3992,0.0861,0.009,0.3941,0.3887,,,,
PUTUMAYO,PUERTO ASIS,0.433884539,-76.52158203,POINT (-76.52158203 0.433884539),"GRAN TIERRA ENERGY COLOMBIA, LLC",QUINDE,SURORIENTE,0,0,0.0064,0.0214,0.0032,0,0,0,,,,
PUTUMAYO,PUERTO CAICEDO,0.70416861,-76.49864415,POINT (-76.49864415 0.70416861),ECOPETROL S.A.,MANSOYA,NORORIENTE,0,0,0,0,0,0,0,0.0017,,,,
PUTUMAYO,PUERTO CAICEDO,0.70416861,-76.49864415,POINT (-76.49864415 0.70416861),ECOPETROL S.A.,MANSOYA,NORORIENTE,0.0038,0.0048,0.0035,0.0035,0,0,0.004,0,,,,
PUTUMAYO,PUERTO CAICEDO,0.70416861,-76.49864415,POINT (-76.49864415 0.70416861),ECOPETROL S.A.,YURILLA,NORORIENTE,0,0,0,0,0,0,0,0.0303,,,,
PUTUMAYO,PUERTO CAICEDO,0.70416861,-76.49864415,POINT (-76.49864415 0.70416861),ECOPETROL S.A.,YURILLA,NORORIENTE,0.0678,0.0557,0.0485,0.046,0.0171,0.0293,0.0434,0,,,,
PUTUMAYO,SAN MIGUEL,0.272449048,-76.84510459,POINT (-76.84510459 0.272449048),ECOPETROL S.A.,ACAE SAN MIGUEL,AREA SUR,0,0,0,0,0,0,0,0.4199,,,,
PUTUMAYO,SAN MIGUEL,0.272449048,-76.84510459,POINT (-76.84510459 0.272449048),ECOPETROL S.A.,ACAE SAN MIGUEL,AREA SUR,0.4422,0.3955,0.4045,0.3977,0.131,0.2363,0.4601,0,,,,
PUTUMAYO,SAN MIGUEL,0.272449048,-76.84510459,POINT (-76.84510459 0.272449048),ECOPETROL S.A.,LORO,AREA SUR,0.0531,0.0495,0.0027,0.0013,0.0046,0.0224,0.0266,0,,,,
PUTUMAYO,VALLE DEL GUAMUEZ,0.42012589,-76.77067026,POINT (-76.77067026 0.42012589),ECOPETROL S.A.,HORMIGA,AREA SUR,0,0,0,0,0,0,0,0.007,,,,
PUTUMAYO,VALLE DEL GUAMUEZ,0.42012589,-76.77067026,POINT (-76.77067026 0.42012589),ECOPETROL S.A.,HORMIGA,AREA SUR,0.0027,0.007,0.007,0.007,0.0002,0.0033,0.007,0,,,,
PUTUMAYO,VALLE DEL GUAMUEZ,0.42012589,-76.77067026,POINT (-76.77067026 0.42012589),ECOPETROL S.A.,LORO,AREA SUR,0,0,0,0,0,0,0,0.1509,,,,
PUTUMAYO,VALLE DEL GUAMUEZ,0.42012589,-76.77067026,POINT (-76.77067026 0.42012589),ECOPETROL S.A.,LORO,AREA SUR,0.1508,0.1416,0.0941,0.1258,0.0501,0.097,0.1532,0,,,,
PUTUMAYO,VILLAGARZON,0.911149515,-76.74495447,POINT (-76.74495447 0.911149515),EMERALD ENERGY PLC SUCURSAL COLOMBIA,AGAPANTO,MARANTA,0.0149,0.0143,0.0144,0.0144,0.0035,0.0041,0.0146,0.0109,,,,
PUTUMAYO,VILLAGARZON,0.911149515,-76.74495447,POINT (-76.74495447 0.911149515),"GRAN TIERRA ENERGY COLOMBIA, LLC",COSTAYACO,CHAZA,1.0112,0.8819,1.0343,1.1534,0.7582,0.3896,1.1668,1.6206,,,,
PUTUMAYO,VILLAGARZON,0.911149515,-76.74495447,POINT (-76.74495447 0.911149515),"GRAN TIERRA ENERGY COLOMBIA, LLC",JUANAMBU,GUAYUYACO,0.0449,0.0513,0.0494,0.0471,0.0451,0.0405,0.0455,0.0428,,,,
PUTUMAYO,VILLAGARZON,0.911149515,-76.74495447,POINT (-76.74495447 0.911149515),EMERALD ENERGY PLC SUCURSAL COLOMBIA,MIRTO,MARANTA,0.0284,0.0232,0.0289,0.0375,0.0063,0.0101,0.044,0.032,,,,
PUTUMAYO,VILLAGARZON,0.911149515,-76.74495447,POINT (-76.74495447 0.911149515),"GRAN TIERRA ENERGY COLOMBIA, LLC",VONU,PUT 1,0.0729,0.2646,0.1617,0.1659,0.1015,0.069,0.1458,0.1503,,,,
SANTANDER,BARRANCABERMEJA,7.054074558,-73.78211646,POINT (-73.78211646 7.054074558),ECOPETROL S.A.,INFANTAS,LA CIRA INFANTAS,0.9631,1.02,1.015,1.089,1.0982,1.0564,0.9648,0.8166,,,,
SANTANDER,BARRANCABERMEJA,7.054074558,-73.78211646,POINT (-73.78211646 7.054074558),ECOPETROL S.A.,LA CIRA,LA CIRA INFANTAS,5.5436,5.9284,5.5102,6.406,6.2152,6.6641,6.7078,7.1847,,,,
SANTANDER,BARRANCABERMEJA,7.054074558,-73.78211646,POINT (-73.78211646 7.054074558),ECOPETROL S.A.,LLANITO UNIFICADO,MAGDALENA MEDIO-YARIGUI-CANTAGALLO,1.9845,2.1075,2.1457,1.9774,1.9,1.6033,1.7122,1.8522,,,,
SANTANDER,PUERTO WILCHES,7.398198257,-73.8354696,POINT (-73.8354696 7.398198257),ECOPETROL S.A.,FLAMENCOS,MAGDALENA MEDIO-YARIGUI-CANTAGALLO,0.0245,0.0791,0.0024,0,0,0,0,0.12,,,,
SANTANDER,PUERTO WILCHES,7.398198257,-73.8354696,POINT (-73.8354696 7.398198257),ECOPETROL S.A.,GARZAS,MAGDALENA MEDIO-YARIGUI-GARZAS,0.1063,0.108,0.1051,0.1137,0.1099,0.1145,0.1121,0.1034,,,,
SANTANDER,PUERTO WILCHES,7.398198257,-73.8354696,POINT (-73.8354696 7.398198257),ECOPETROL S.A.,YARIGUÍ-CANTAGALLO,MAGDALENA MEDIO-YARIGUI-CANTAGALLO,1.349,1.4763,1.8335,1.8447,1.7492,1.6396,1.4792,1.3884,,,,
SANTANDER,RIONEGRO,7.474226085,-73.37246417,POINT (-73.37246417 7.474226085),ECOPETROL S.A.,BONANZA,PROVINCIA P NORTE,2.4055,2.451,2.1173,2.1034,2.0893,2.0624,1.9941,1.8424,,,,
SANTANDER,RIONEGRO,7.474226085,-73.37246417,POINT (-73.37246417 7.474226085),PAREX RESOURCES COLOMBIA LTD. SUCURSAL,BORANDA,BORANDA,0.0727,0.0687,0.0665,0.0723,0.0622,0.0588,0.0537,0.0576,,,,
SANTANDER,RIONEGRO,7.474226085,-73.37246417,POINT (-73.37246417 7.474226085),"GRAN TIERRA ENERGY COLOMBIA, LLC",COLÓN,LA PALOMA,0.0057,0.0057,0.0036,0.0049,0.005,0.0054,0.0046,0.0044,,,,
SANTANDER,RIONEGRO,7.474226085,-73.37246417,POINT (-73.37246417 7.474226085),"GRAN TIERRA ENERGY COLOMBIA, LLC",JUGLAR,LA PALOMA,0.0131,0.014,0.027,0.0246,0.0206,0.0206,0.02,0.0155,,,,
SANTANDER,SABANA DE TORRES,7.4065422,-73.57131807,POINT (-73.57131807 7.4065422),ECOPETROL S.A.,AULLADOR,PLAYON,0.0621,0.0616,0.0651,0.0622,0.0576,0.0584,0.0552,0.0566,,,,
SANTANDER,SABANA DE TORRES,7.4065422,-73.57131807,POINT (-73.57131807 7.4065422),PETROSANTANDER (COLOMBIA) INC.,CORAZÓN,CARARE LAS MONAS,0.0575,0.0583,0.0603,0.0566,0.0525,0.2282,2.3291,2.7283,,,,
SANTANDER,SABANA DE TORRES,7.4065422,-73.57131807,POINT (-73.57131807 7.4065422),PETROSANTANDER (COLOMBIA) INC.,CORAZÓN WEST,CARARE LAS MONAS,1.0547,0.9181,0.6191,0.8723,0.9203,0.8858,0.8755,0.8497,,,,
SANTANDER,SABANA DE TORRES,7.4065422,-73.57131807,POINT (-73.57131807 7.4065422),ECOPETROL S.A.,CRISTALINA,MAGDALENA MEDIO-CRISTALINA,0.0533,0.0485,0.0188,0,0.0276,0.0677,0.0969,0.0913,,,,
SANTANDER,SABANA DE TORRES,7.4065422,-73.57131807,POINT (-73.57131807 7.4065422),PETROSANTANDER (COLOMBIA) INC.,PAYOA,CARARE LAS MONAS,7.9472,7.9832,7.7747,7.7076,7.4256,7.4662,7.5482,7.4905,,,,
SANTANDER,SABANA DE TORRES,7.4065422,-73.57131807,POINT (-73.57131807 7.4065422),ECOPETROL S.A.,PROVINCIA,PROVINCIA P SUR,8.2865,8.4754,7.9941,7.7769,7.1868,6.8805,6.8093,8.3183,,,,
SANTANDER,SABANA DE TORRES,7.4065422,-73.57131807,POINT (-73.57131807 7.4065422),PETROSANTANDER (COLOMBIA) INC.,SALINA,CARARE LAS MONAS,1.4209,1.4033,1.2627,1.2424,1.3076,1.2797,1.3682,1.3307,,,,
SANTANDER,SAN VICENTE DE CHUCURI,6.894292346,-73.53900334,POINT (-73.53900334 6.894292346),ECOPETROL S.A.,LISAMA,LISAMA NUTRIA,1.8493,1.6591,1.0416,1.2933,1.5035,1.5552,1.5609,1.5399,,,,
SANTANDER,SAN VICENTE DE CHUCURI,6.894292346,-73.53900334,POINT (-73.53900334 6.894292346),ECOPETROL S.A.,NUTRIA,LISAMA NUTRIA,2.872,2.5874,1.7542,2.1545,2.4936,2.3869,2.4168,2.4221,,,,
SANTANDER,SAN VICENTE DE CHUCURI,6.894292346,-73.53900334,POINT (-73.53900334 6.894292346),ECOPETROL S.A.,TESORO,LISAMA NUTRIA,0.7273,0.6622,0.5321,0.6396,0.7531,0.7285,0.7515,0.7776,,,,
SANTANDER,SIMACOTA,6.494231551,-73.45910992,POINT (-73.45910992 6.494231551),PAREX RESOURCES COLOMBIA LTD. SUCURSAL,AGUAS BLANCAS,AGUAS BLANCAS,1.7544,2.033,1.9412,1.9259,1.817,1.7343,1.7416,1.8029,,,,
SUCRE,CAIMITO,8.792311599,-75.13191063,POINT (-75.13191063 8.792311599),CNE OIL & GAS S A S,Pandereta,VIM 5,0,0,0,0,0,0,0,5.2357,,,,
SUCRE,LA UNION,8.811997799,-75.28322212,POINT (-75.28322212 8.811997799),CNE OIL & GAS S A S,CLARINETE,VIM 5,53.4199,53.5462,52.4175,55.7095,60.9358,55.7931,61.5294,49.2261,,,,
SUCRE,LOS PALMITOS,9.422380117,-75.21302191,POINT (-75.21302191 9.422380117),Frontera Energy Colombia Corp Sucursal Colombia,LA CRECIENTE,LA CRECIENTE,0.4166,0.0091,0.0054,0.0027,0.0025,0.0031,0.0059,0.0029,,,,
SUCRE,OVEJAS,9.549655271,-75.18855916,POINT (-75.18855916 9.549655271),HOCOL S.A.,BONGA,SAMAN,5.451,6.0539,6.1948,6.1646,6.2325,6.592,6.8271,6.0987,,,,
SUCRE,OVEJAS,9.549655271,-75.18855916,POINT (-75.18855916 9.549655271),HOCOL S.A.,MAMEY,SAMAN,26.5216,29.1721,29.2356,29.2946,27.5107,27.6524,27.3839,25.6291,,,,
SUCRE,SAN MARCOS,8.589220102,-75.17249955,POINT (-75.17249955 8.589220102),CANACOL ENERGY COLOMBIA SAS,CAÑANDONGA,ESPERANZA,0,0,0,0,0.1541,0,0,0,,,,
SUCRE,SAN MARCOS,8.589220102,-75.17249955,POINT (-75.17249955 8.589220102),CANACOL ENERGY COLOMBIA SAS,NISPERO,ESPERANZA,5.1832,4.0863,2.4468,0,0,0.0026,0.0046,0,,,,
SUCRE,SAN PEDRO,9.396835638,-75.03741815,POINT (-75.03741815 9.396835638),Frontera Energy Colombia Corp Sucursal Colombia,LA CRECIENTE,LA CRECIENTE,5.1305,5.4248,5.1452,5.2391,5.283,5.2514,6.1873,5.1295,,,,
SUCRE,SAN PEDRO,9.396835638,-75.03741815,POINT (-75.03741815 9.396835638),Frontera Energy Colombia Corp Sucursal Colombia,LA CRECIENTE D,LA CRECIENTE,0.1893,0.3446,0.4006,0.3779,0.5086,0.5684,0.256,0.1475,,,,
SUCRE,SAN PEDRO,9.396835638,-75.03741815,POINT (-75.03741815 9.396835638),Frontera Energy Colombia Corp Sucursal Colombia,LA CRECIENTE I,LA CRECIENTE,0.0016,0,0,0,0,0,0,0,,,,
SUCRE,SINCE,9.316673928,-75.43174967,POINT (-75.43174967 9.316673928),Frontera Energy Colombia Corp Sucursal Colombia,LA CRECIENTE,LA CRECIENTE,0.0902,0,0,0,0,0,0,0,,,,
TOLIMA,ALVARADO,4.582625784,-74.98630686,POINT (-74.98630686 4.582625784),HOCOL S.A.,TOTARE,ARMERO,0,0.0002,0,0.0619,0.0385,0.0327,0.0308,0.0323,,,,
TOLIMA,CHAPARRAL,3.743693084,-75.58986634,POINT (-75.58986634 3.743693084),HOCOL S.A.,OLINI,TOLIMA,0.0221,0.0248,0.0227,0.0237,0.0054,0.011,0.0221,0.02,,,,
TOLIMA,CHAPARRAL,3.743693084,-75.58986634,POINT (-75.58986634 3.743693084),HOCOL S.A.,RÍO SALDAÑA,TOLIMA,0.5523,0.4125,0.4229,0.433,0.3379,0.4056,0.4047,0.4307,,,,
TOLIMA,ESPINAL,4.166476969,-74.89352941,POINT (-74.89352941 4.166476969),Frontera Energy Colombia Corp Sucursal Colombia,ABANICO,ABANICO,0.0948,0.1029,0.0716,0.0767,0.0733,0.0654,0.0699,0.0661,,,,
TOLIMA,MELGAR,4.193215498,-74.60517497,POINT (-74.60517497 4.193215498),PERENCO OIL AND GAS COLOMBIA LIMITED.,EL NIÑO,BOQUERÓN,0.175,0,0,0,0,0,0,0,,,,
TOLIMA,MELGAR,4.193215498,-74.60517497,POINT (-74.60517497 4.193215498),PERENCO OIL AND GAS COLOMBIA LIMITED.,GUANDO,BOQUERÓN,0.9659,0.9907,0.9405,0.8939,0.9389,0.909,0.9157,0.9095,,,,
TOLIMA,MELGAR,4.193215498,-74.60517497,POINT (-74.60517497 4.193215498),PERENCO OIL AND GAS COLOMBIA LIMITED.,GUANDO SW,BOQUERÓN,0.9289,0.838,0.8297,0.8551,0.8989,0.8623,0.8456,0.8146,,,,
TOLIMA,ORTEGA,3.937793962,-75.27824314,POINT (-75.27824314 3.937793962),HOCOL S.A.,ORTEGA,ORTEGA,0.0324,0.0323,0.0313,0.0324,0.0318,0.0333,0.0211,0,,,,
TOLIMA,ORTEGA,3.937793962,-75.27824314,POINT (-75.27824314 3.937793962),HOCOL S.A.,PACANDE,ORTEGA,0.2088,0.2106,0.2079,0.2244,0.1678,0.2179,0.1341,0,,,,
TOLIMA,ORTEGA,3.937793962,-75.27824314,POINT (-75.27824314 3.937793962),HOCOL S.A.,TOLDADO,TOLDADO,0.1554,0.1565,0.1072,0.1333,0.1414,0.141,0.1351,0,,,,
TOLIMA,ORTEGA,3.937793962,-75.27824314,POINT (-75.27824314 3.937793962),HOCOL S.A.,TOY,TOY,0,0,0,0,0.0054,0.0067,0.0076,0,,,,
TOLIMA,PIEDRAS,4.433764446,-74.99879938,POINT (-74.99879938 4.433764446),INTEROIL COLOMBIA EXPLORATION AND PRODUCTION,AMBROSÍA,AMBROSÍA,0.0149,0.0148,0.0146,0.0147,0.0145,0.0148,0.0148,0.0148,,,,
TOLIMA,PIEDRAS,4.433764446,-74.99879938,POINT (-74.99879938 4.433764446),INTEROIL COLOMBIA EXPLORATION AND PRODUCTION,MANÁ,MANÁ,1.5444,1.47,1.4553,1.3879,1.3861,1.3544,1.3349,1.3123,,,,
TOLIMA,PIEDRAS,4.433764446,-74.99879938,POINT (-74.99879938 4.433764446),INTEROIL COLOMBIA EXPLORATION AND PRODUCTION,RÍO OPIA,RÍO OPIA,0.0429,0.046,0.0448,0.0354,0.0357,0.039,0.0444,0.0446,,,,
TOLIMA,PIEDRAS,4.433764446,-74.99879938,POINT (-74.99879938 4.433764446),HOCOL S.A.,TOQUI TOQUI,PULI,0.9865,0.9656,0.9412,0.974,0.9157,0.9003,0.9376,0.8866,,,,
TOLIMA,PRADO,3.729166649,-74.87247706,POINT (-74.87247706 3.729166649),HOCOL S.A.,MATACHÍN SUR,ESPINAL,0.2488,0.2376,0.2313,0.2179,0.2182,0.1976,0.1676,0.1497,,,,
TOLIMA,PURIFICACIÓN,3.854281614,-74.87451155,POINT (-74.87451155 3.854281614),HOCOL S.A.,CHENCHE,CHENCHE,0.0105,0.0105,0.0094,0.0105,0.0106,0.0107,0.0103,0.0014,,,,
TOLIMA,PURIFICACIÓN,3.854281614,-74.87451155,POINT (-74.87451155 3.854281614),HOCOL S.A.,MATACHÍN NORTE,ESPINAL,1.5902,1.2685,1.3117,1.5296,1.5192,1.5599,1.5511,1.6327,,,,
TOLIMA,PURIFICACIÓN,3.854281614,-74.87451155,POINT (-74.87451155 3.854281614),HOCOL S.A.,MATACHÍN SUR,ESPINAL,0.2955,0.3022,0.2899,0.2592,0.2293,0.1775,0.0937,0.0776,,,,
TOLIMA,PURIFICACIÓN,3.854281614,-74.87451155,POINT (-74.87451155 3.854281614),HOCOL S.A.,PURIFICACIÓN,ESPINAL,0,0,0,0,0,0,0,0.0046,,,,
TOLIMA,SAN LUIS,4.057271684,-75.16320806,POINT (-75.16320806 4.057271684),HOCOL S.A.,PACANDE,ORTEGA,0.0387,0.0375,0.0364,0.0375,0.0316,0.0116,0.0276,0,,,,
